<?xml version="1.0" encoding="UTF-8" ?>
<!--
 Licensed to the Apache Software Foundation (ASF) under one or more
 contributor license agreements.  See the NOTICE file distributed with
 this work for additional information regarding copyright ownership.
 The ASF licenses this file to You under the Apache License, Version 2.0
 (the "License"); you may not use this file except in compliance with
 the License.  You may obtain a copy of the License at

     http://www.apache.org/licenses/LICENSE-2.0

 Unless required by applicable law or agreed to in writing, software
 distributed under the License is distributed on an "AS IS" BASIS,
 WITHOUT WARRANTIES OR CONDITIONS OF ANY KIND, either express or implied.
 See the License for the specific language governing permissions and
 limitations under the License.
-->

<!--  
 This is the Solr schema file. This file should be named "schema.xml" and
 should be in the conf directory under the solr home
 (i.e. ./solr/conf/schema.xml by default) 
 or located where the classloader for the Solr webapp can find it.

 This example schema is the recommended starting point for users.
 It should be kept correct and concise, usable out-of-the-box.

 For more information, on how to customize this file, please see
 http://wiki.apache.org/solr/SchemaXml

 PERFORMANCE NOTE: this schema includes many optional features and should not
 be used for benchmarking.  To improve performance one could
  - set stored="false" for all fields possible (esp large fields) when you
    only need to search on the field but don't need to return the original
    value.
  - set indexed="false" if you don't need to search on the field, but only
    return the field as a result of searching on other indexed fields.
  - remove all unneeded copyField statements
  - for best index size and searching performance, set "index" to false
    for all general text fields, use copyField to copy them to the
    catchall "text" field, and use that for searching.
  - For maximum indexing performance, use the StreamingUpdateSolrServer
    java client.
  - Remember to run the JVM in server mode, and use a higher logging level
    that avoids logging every request
-->

<schema name="assets" version="1.5">

  <types>
    <!-- field type definitions. The "name" attribute is
       just a label to be used by field definitions.  The "class"
       attribute and any other attributes determine the real
       behavior of the fieldType.
         Class names starting with "solr" refer to java classes in the
       org.apache.solr.analysis package.
    -->

    <!-- Basic string field type that allows for pre/post wildcaards -->
    <fieldType name="string" class="solr.TextField" sortMissingLast="true">
      <analyzer>
        <tokenizer class="solr.KeywordTokenizerFactory"/>
        <filter class="solr.LowerCaseFilterFactory"/>
        <filter class="solr.ReversedWildcardFilterFactory" withOriginal="true"/>
      </analyzer>
    </fieldType>

    <!-- field for sort keys, removes all non-alphanum characters -->
    <fieldType name="sort" class="solr.TextField" sortMissingLast="true">
      <analyzer type="index">
        <tokenizer class="solr.KeywordTokenizerFactory"/>
        <filter class="solr.LowerCaseFilterFactory"/>
        <filter class="solr.PatternReplaceFilterFactory"
          pattern="([^a-z0-9])" replacement="" replace="all"
        />
      </analyzer>
    </fieldType>

    <!-- boolean type: "true" or "false" -->
    <fieldType name="boolean" class="solr.BoolField" sortMissingLast="true"/>
    <!--Binary data type. The data should be sent/retrieved in as Base64 encoded Strings -->
    <fieldtype name="binary" class="solr.BinaryField"/>

    <!-- The optional sortMissingLast and sortMissingFirst attributes are
         currently supported on types that are sorted internally as strings
         and on numeric types.
	       This includes "string","boolean", and, as of 3.5 (and 4.x),
	       int, float, long, date, double, including the "Trie" variants.
       - If sortMissingLast="true", then a sort on this field will cause documents
         without the field to come after documents with the field,
         regardless of the requested sort order (asc or desc).
       - If sortMissingFirst="true", then a sort on this field will cause documents
         without the field to come before documents with the field,
         regardless of the requested sort order.
       - If sortMissingLast="false" and sortMissingFirst="false" (the default),
         then default lucene sorting will be used which places docs without the
         field first in an ascending sort and last in a descending sort.
    -->    

    <!--
      Default numeric field types. For faster range queries, consider the tint/tfloat/tlong/tdouble types.
    -->
    <fieldType name="int" class="solr.TrieIntField" precisionStep="0" positionIncrementGap="0"/>
    <fieldType name="float" class="solr.TrieFloatField" precisionStep="0" positionIncrementGap="0"/>
    <fieldType name="long" class="solr.TrieLongField" precisionStep="0" positionIncrementGap="0"/>
    <fieldType name="double" class="solr.TrieDoubleField" precisionStep="0" positionIncrementGap="0"/>

    <!--
     Numeric field types that index each value at various levels of precision
     to accelerate range queries when the number of values between the range
     endpoints is large. See the javadoc for NumericRangeQuery for internal
     implementation details.

     Smaller precisionStep values (specified in bits) will lead to more tokens
     indexed per value, slightly larger index size, and faster range queries.
     A precisionStep of 0 disables indexing at different precision levels.
    -->
    <fieldType name="tint" class="solr.TrieIntField" precisionStep="8" positionIncrementGap="0"/>
    <fieldType name="tfloat" class="solr.TrieFloatField" precisionStep="8" positionIncrementGap="0"/>
    <fieldType name="tlong" class="solr.TrieLongField" precisionStep="8" positionIncrementGap="0"/>
    <fieldType name="tdouble" class="solr.TrieDoubleField" precisionStep="8" positionIncrementGap="0"/>

    <!-- The format for this date field is of the form 1995-12-31T23:59:59Z, and
         is a more restricted form of the canonical representation of dateTime
         http://www.w3.org/TR/xmlschema-2/#dateTime    
         The trailing "Z" designates UTC time and is mandatory.
         Optional fractional seconds are allowed: 1995-12-31T23:59:59.999Z
         All other components are mandatory.

         Expressions can also be used to denote calculations that should be
         performed relative to "NOW" to determine the value, ie...

               NOW/HOUR
                  ... Round to the start of the current hour
               NOW-1DAY
                  ... Exactly 1 day prior to now
               NOW/DAY+6MONTHS+3DAYS
                  ... 6 months and 3 days in the future from the start of
                      the current day
                      
         Consult the DateField javadocs for more information.

         Note: For faster range queries, consider the tdate type
      -->
    <fieldType name="date" class="solr.TrieDateField" precisionStep="0" positionIncrementGap="0"/>

    <!-- A Trie based date field for faster date range queries and date faceting. -->
    <fieldType name="tdate" class="solr.TrieDateField" precisionStep="6" positionIncrementGap="0"/>


    <!--
      Note:
      These should only be used for compatibility with existing indexes (created with older Solr versions)
      or if "sortMissingFirst" or "sortMissingLast" functionality is needed. Use Trie based fields instead.

      Plain numeric field types that store and index the text
      value verbatim (and hence don't support range queries, since the
      lexicographic ordering isn't equal to the numeric ordering)
    -->
    <fieldType name="pint" class="solr.IntField"/>
    <fieldType name="plong" class="solr.LongField"/>
    <fieldType name="pfloat" class="solr.FloatField"/>
    <fieldType name="pdouble" class="solr.DoubleField"/>
    <fieldType name="pdate" class="solr.DateField" sortMissingLast="true"/>


    <!--
      Note:
      These should only be used for compatibility with existing indexes (created with older Solr versions).
      Use Trie based fields instead. As of Solr 3.5 and 4.x, Trie based fields support sortMissingFirst/Last

      Numeric field types that manipulate the value into
      a string value that isn't human-readable in its internal form,
      but with a lexicographic ordering the same as the numeric ordering,
      so that range queries work correctly.
    -->
    <fieldType name="sint" class="solr.SortableIntField" sortMissingLast="true" omitNorms="true"/>
    <fieldType name="slong" class="solr.SortableLongField" sortMissingLast="true" omitNorms="true"/>
    <fieldType name="sfloat" class="solr.SortableFloatField" sortMissingLast="true" omitNorms="true"/>
    <fieldType name="sdouble" class="solr.SortableDoubleField" sortMissingLast="true" omitNorms="true"/>


 </types>            


 <fields>
   <field name="ID" type="int" indexed="true" stored="true" required="true" />
   <field name="TAG" type="string" indexed="true" stored="true" required="true" /> 
   <field name="TYPE" type="string" indexed="true" stored="true" required="true"/>
   <field name="STATUS" type="string" indexed="true" stored="true" required="true"/>
   <field name="STATE" type="string" indexed="true" stored="true" required="false"/>
   <field name="CREATED" type="tdate" indexed="true" stored="true" requred="true"/>
   <field name="UPDATED" type="tdate" indexed="true" stored="true" requred="false"/>
   <field name="DELETED" type="tdate" indexed="true" stored="true" requred="false"/>
   <field name="IP_ADDRESS" type="string" indexed="true" stored="true" required="false" multiValued="true"/>

   <!-- 
        these fields were added to allow sorting on them in the web app, since you cannot sort
        on multivalued fields.  These should be removed if/when we can specify
        in collins which attributes can be multivalued, which we should do to allow sorting on more fields 
   -->
   <field name="PRIMARY_ROLE" type="string" indexed="true" stored="false" required="false" multiValued="false"/>
   <field name="HOSTNAME" type="string" indexed="true" stored="false" required="false" multiValued="false"/>


   <!-- catch-all dynamic fields for attributes
        
        Notice that these are all multivalued, even though we store
        single-valued attributes in these, but this doesn't matter since we use
        the *_sort fields for sorting
   -->

   <dynamicField name="*_meta_i"  type="tint"    indexed="true"  stored="true" multiValued="true"/>
   <dynamicField name="*_meta_s"  type="string"  indexed="true"  stored="true" multiValued="true"/>
   <dynamicField name="*_meta_b"  type="boolean" indexed="true"  stored="true" multiValued="true"/>
   <dynamicField name="*_meta_d"  type="tdouble" indexed="true"  stored="true" multiValued="true"/>

   <!-- all sort fields use this dynamic field -->

   <dynamicField name = "*_SORT" type="sort" indexed="true" stored="false" multiValued="false"/>

   <!-- catchall field, containing all other searchable text fields (implemented
        via copyField further on in this schema  -->
   <field name="text" type="string" indexed="true" stored="false" multiValued="true"/>

 </fields>

 <uniqueKey>ID</uniqueKey>


</schema>
