{"status":"success:ok","data":{"Pagination":{"PreviousPage":0,"CurrentPage":0,"NextPage":0,"TotalResults":3},"Data":[{"ID":2,"TAG":"sl-102313","STATUS":"Allocated","TYPE":"Server Node","CREATED":"2012-02-07T22:34:44","UPDATED":"2012-06-28T23:14:35"},{"ID":157,"TAG":"sl-91016","STATUS":"Allocated","TYPE":"Server Node","CREATED":"2012-02-08T00:52:04","UPDATED":"2012-06-28T23:05:20"},{"ID":606,"TAG":"sl-75253","STATUS":"Decommissioned","TYPE":"Server Node","CREATED":"2012-02-09T20:42:38","UPDATED":"2012-03-02T10:31:00"}]}}