{"status":"success:ok","data":{"Pagination":{"PreviousPage":0,"CurrentPage":0,"NextPage":0,"TotalResults":3},"Data":[{"ASSET":{"ID":2,"TAG":"sl-102313","STATUS":"Allocated","TYPE":"Server Node","CREATED":"2012-02-07T22:34:44","UPDATED":"2012-06-28T23:14:35"},"HARDWARE":{"CPU":[{"CORES":1,"THREADS":1,"SPEED_GHZ":1.6,"DESCRIPTION":"Intel(R) Xeon(R) CPU           X5675  @ 3.07GHz Intel Corp."},{"CORES":1,"THREADS":1,"SPEED_GHZ":1.6,"DESCRIPTION":"Intel(R) Xeon(R) CPU           X5675  @ 3.07GHz Intel Corp."}],"MEMORY":[{"SIZE":4294967296,"SIZE_S":"4294967296","SIZE_HUMAN":"4.00 GB","BANK":0,"DESCRIPTION":"DIMM 1333 MHz (0.8 ns) - Hyundai HMT151R7AFP4C-H9"},{"SIZE":0,"SIZE_S":"0","SIZE_HUMAN":"0 Bytes","BANK":1,"DESCRIPTION":"Empty Memory Bank"},{"SIZE":4294967296,"SIZE_S":"4294967296","SIZE_HUMAN":"4.00 GB","BANK":2,"DESCRIPTION":"DIMM 1333 MHz (0.8 ns) - Hyundai HMT151R7AFP4C-H9"},{"SIZE":0,"SIZE_S":"0","SIZE_HUMAN":"0 Bytes","BANK":3,"DESCRIPTION":"Empty Memory Bank"},{"SIZE":4294967296,"SIZE_S":"4294967296","SIZE_HUMAN":"4.00 GB","BANK":4,"DESCRIPTION":"DIMM 1333 MHz (0.8 ns) - Hyundai HMT151R7AFP4C-H9"},{"SIZE":0,"SIZE_S":"0","SIZE_HUMAN":"0 Bytes","BANK":5,"DESCRIPTION":"Empty Memory Bank"},{"SIZE":4294967296,"SIZE_S":"4294967296","SIZE_HUMAN":"4.00 GB","BANK":6,"DESCRIPTION":"DIMM 1333 MHz (0.8 ns) - Hyundai HMT151R7AFP4C-H9"},{"SIZE":0,"SIZE_S":"0","SIZE_HUMAN":"0 Bytes","BANK":7,"DESCRIPTION":"Empty Memory Bank"},{"SIZE":4294967296,"SIZE_S":"4294967296","SIZE_HUMAN":"4.00 GB","BANK":8,"DESCRIPTION":"DIMM 1333 MHz (0.8 ns) - Hyundai HMT151R7AFP4C-H9"},{"SIZE":0,"SIZE_S":"0","SIZE_HUMAN":"0 Bytes","BANK":9,"DESCRIPTION":"Empty Memory Bank"},{"SIZE":4294967296,"SIZE_S":"4294967296","SIZE_HUMAN":"4.00 GB","BANK":10,"DESCRIPTION":"DIMM 1333 MHz (0.8 ns) - Hyundai HMT151R7AFP4C-H9"},{"SIZE":0,"SIZE_S":"0","SIZE_HUMAN":"0 Bytes","BANK":11,"DESCRIPTION":"Empty Memory Bank"}],"NIC":[{"SPEED":1000000000,"SPEED_S":"1000000000","SPEED_HUMAN":"1.00 Gb","MAC_ADDRESS":"00:25:90:35:e5:62","DESCRIPTION":"82576 Gigabit Network Connection - Intel Corporation"},{"SPEED":1000000000,"SPEED_S":"1000000000","SPEED_HUMAN":"1.00 Gb","MAC_ADDRESS":"00:25:90:35:e5:63","DESCRIPTION":"82576 Gigabit Network Connection - Intel Corporation"},{"SPEED":1000000000,"SPEED_S":"1000000000","SPEED_HUMAN":"1.00 Gb","MAC_ADDRESS":"00:25:90:35:e5:62","DESCRIPTION":"82576 Gigabit Network Connection - Intel Corporation"},{"SPEED":1000000000,"SPEED_S":"1000000000","SPEED_HUMAN":"1.00 Gb","MAC_ADDRESS":"00:25:90:35:e5:63","DESCRIPTION":"82576 Gigabit Network Connection - Intel Corporation"}],"DISK":[{"SIZE":500107862016,"SIZE_S":"500107862016","SIZE_HUMAN":"465.76 GB","TYPE":"SCSI","DESCRIPTION":"Western Digital WDC WD5003ABYX-0"},{"SIZE":0,"SIZE_S":"0","SIZE_HUMAN":"0 Bytes","TYPE":"CD-ROM","DESCRIPTION":" "}]},"LLDP":{"INTERFACES":[{"NAME":"eth2","CHASSIS":{"NAME":"Unknown","ID_TYPE":"mac","ID_VALUE":"00:25:90:35:E5:62","DESCRIPTION":"Unknown"},"PORT":{"ID_TYPE":"local","ID_VALUE":"666","DESCRIPTION":"ge-0/0/7.0"},"VLAN":{"ID":106,"NAME":"D2"}},{"NAME":"eth1","CHASSIS":{"NAME":"Unknown","ID_TYPE":"mac","ID_VALUE":"00:25:90:35:E5:63","DESCRIPTION":"Unknown"},"PORT":{"ID_TYPE":"local","ID_VALUE":"666","DESCRIPTION":"ge-0/0/7.0"},"VLAN":{"ID":106,"NAME":"D2"}},{"NAME":"eth0","CHASSIS":{"NAME":"Unknown","ID_TYPE":"mac","ID_VALUE":"00:25:90:35:E5:62","DESCRIPTION":"Unknown"},"PORT":{"ID_TYPE":"local","ID_VALUE":"666","DESCRIPTION":"ge-0/0/7.0"},"VLAN":{"ID":106,"NAME":"D2"}},{"NAME":"bond1","CHASSIS":{"NAME":"Unknown","ID_TYPE":"mac","ID_VALUE":"00:25:90:35:E5:63","DESCRIPTION":"Unknown"},"PORT":{"ID_TYPE":"local","ID_VALUE":"666","DESCRIPTION":"ge-0/0/7.0"},"VLAN":{"ID":106,"NAME":"D2"}},{"NAME":"eth3","CHASSIS":{"NAME":"Unknown","ID_TYPE":"mac","ID_VALUE":"00:25:90:35:E5:63","DESCRIPTION":"Unknown"},"PORT":{"ID_TYPE":"local","ID_VALUE":"666","DESCRIPTION":"ge-0/0/7.0"},"VLAN":{"ID":106,"NAME":"D2"}},{"NAME":"bond0","CHASSIS":{"NAME":"Unknown","ID_TYPE":"mac","ID_VALUE":"00:25:90:35:E5:62","DESCRIPTION":"Unknown"},"PORT":{"ID_TYPE":"local","ID_VALUE":"666","DESCRIPTION":"ge-0/0/7.0"},"VLAN":{"ID":106,"NAME":"D2"}}]},"IPMI":{"ID":2,"ASSET_ID":2,"IPMI_ADDRESS":"10.60.29.168","IPMI_GATEWAY":"10.60.29.1","IPMI_NETMASK":"255.255.255.0","IPMI_USERNAME":"root","IPMI_PASSWORD":"abcdefghij"},"ADDRESSES":[{"ID":1284,"ASSET_ID":2,"ADDRESS":"10.60.29.167","GATEWAY":"10.60.24.1","NETMASK":"255.255.248.0","POOL":""},{"ID":1283,"ASSET_ID":2,"ADDRESS":"19.19.187.190","GATEWAY":"19.19.187.161","NETMASK":"255.255.255.224","POOL":""}],"POWER":[{"UNIT_ID":0,"UNITS":[{"KEY":"POWER_PORT_A","VALUE":"Unknown - SL 1","TYPE":"POWER_PORT","LABEL":"Plug Strip A","POSITION":0,"IS_REQUIRED":true,"UNIQUE":true}]},{"UNIT_ID":1,"UNITS":[{"KEY":"POWER_PORT_B","VALUE":"Unknown - SL 2","TYPE":"POWER_PORT","LABEL":"Plug Strip B","POSITION":0,"IS_REQUIRED":true,"UNIQUE":true}]}],"ATTRIBS":{"0":{"CHASSIS_TAG":"C81500A21L10438","HOSTNAME":"dev-blake-10df20ec.d2.tumblr.net","NODECLASS":"devnode","NOTE":"Testing collins integration","PRIMARY_ROLE":"DEVEL","POOL":"DEVEL","SYSTEM_USERNAME":"root","SYSTEM_PASSWORD":"abcdefgh","DATACENTER_NAME":"D2","SYSTEM_COST":"549","SL_ROOM":"sr02","SL_RACK":"rk137","SL_RACK_POSITION":"sl42","CONTACT":"blake","LAST_PUPPET_RUN":"2012-06-28T23:14:35"}}},{"ASSET":{"ID":157,"TAG":"sl-91016","STATUS":"Allocated","TYPE":"Server Node","CREATED":"2012-02-08T00:52:04","UPDATED":"2012-06-28T23:05:20"},"HARDWARE":{"CPU":[{"CORES":1,"THREADS":1,"SPEED_GHZ":1.6,"DESCRIPTION":"Intel(R) Xeon(R) CPU           X5675  @ 3.07GHz Intel Corp."},{"CORES":1,"THREADS":1,"SPEED_GHZ":1.6,"DESCRIPTION":"Intel(R) Xeon(R) CPU           X5675  @ 3.07GHz Intel Corp."},{"CORES":1,"THREADS":1,"SPEED_GHZ":1.6,"DESCRIPTION":"Intel(R) Xeon(R) CPU           X5675  @ 3.07GHz Intel Corp."},{"CORES":1,"THREADS":1,"SPEED_GHZ":1.6,"DESCRIPTION":"Intel(R) Xeon(R) CPU           X5675  @ 3.07GHz Intel Corp."},{"CORES":1,"THREADS":1,"SPEED_GHZ":1.6,"DESCRIPTION":"Intel(R) Xeon(R) CPU           X5675  @ 3.07GHz Intel Corp."},{"CORES":1,"THREADS":1,"SPEED_GHZ":1.6,"DESCRIPTION":"Intel(R) Xeon(R) CPU           X5675  @ 3.07GHz Intel Corp."},{"CORES":1,"THREADS":1,"SPEED_GHZ":1.6,"DESCRIPTION":"Intel(R) Xeon(R) CPU           X5675  @ 3.07GHz Intel Corp."},{"CORES":1,"THREADS":1,"SPEED_GHZ":1.6,"DESCRIPTION":"Intel(R) Xeon(R) CPU           X5675  @ 3.07GHz Intel Corp."},{"CORES":1,"THREADS":1,"SPEED_GHZ":1.6,"DESCRIPTION":"Intel(R) Xeon(R) CPU           X5675  @ 3.07GHz Intel Corp."},{"CORES":1,"THREADS":1,"SPEED_GHZ":1.6,"DESCRIPTION":"Intel(R) Xeon(R) CPU           X5675  @ 3.07GHz Intel Corp."},{"CORES":1,"THREADS":1,"SPEED_GHZ":1.6,"DESCRIPTION":"Intel(R) Xeon(R) CPU           X5675  @ 3.07GHz Intel Corp."}],"MEMORY":[{"SIZE":4294967296,"SIZE_S":"4294967296","SIZE_HUMAN":"4.00 GB","BANK":0,"DESCRIPTION":"DIMM 1333 MHz (0.8 ns) - Hyundai HMT351R7BFR8C-H9"},{"SIZE":0,"SIZE_S":"0","SIZE_HUMAN":"0 Bytes","BANK":1,"DESCRIPTION":"Empty Memory Bank"},{"SIZE":4294967296,"SIZE_S":"4294967296","SIZE_HUMAN":"4.00 GB","BANK":2,"DESCRIPTION":"DIMM 1333 MHz (0.8 ns) - Hyundai HMT351R7BFR8C-H9"},{"SIZE":0,"SIZE_S":"0","SIZE_HUMAN":"0 Bytes","BANK":3,"DESCRIPTION":"Empty Memory Bank"},{"SIZE":4294967296,"SIZE_S":"4294967296","SIZE_HUMAN":"4.00 GB","BANK":4,"DESCRIPTION":"DIMM 1333 MHz (0.8 ns) - Hyundai HMT351R7BFR8C-H9"},{"SIZE":0,"SIZE_S":"0","SIZE_HUMAN":"0 Bytes","BANK":5,"DESCRIPTION":"Empty Memory Bank"},{"SIZE":4294967296,"SIZE_S":"4294967296","SIZE_HUMAN":"4.00 GB","BANK":6,"DESCRIPTION":"DIMM 1333 MHz (0.8 ns) - Hyundai HMT351R7BFR8C-H9"},{"SIZE":0,"SIZE_S":"0","SIZE_HUMAN":"0 Bytes","BANK":7,"DESCRIPTION":"Empty Memory Bank"},{"SIZE":4294967296,"SIZE_S":"4294967296","SIZE_HUMAN":"4.00 GB","BANK":8,"DESCRIPTION":"DIMM 1333 MHz (0.8 ns) - Hyundai HMT351R7BFR8C-H9"},{"SIZE":0,"SIZE_S":"0","SIZE_HUMAN":"0 Bytes","BANK":9,"DESCRIPTION":"Empty Memory Bank"},{"SIZE":4294967296,"SIZE_S":"4294967296","SIZE_HUMAN":"4.00 GB","BANK":10,"DESCRIPTION":"DIMM 1333 MHz (0.8 ns) - Hyundai HMT351R7BFR8C-H9"},{"SIZE":0,"SIZE_S":"0","SIZE_HUMAN":"0 Bytes","BANK":11,"DESCRIPTION":"Empty Memory Bank"}],"NIC":[{"SPEED":1000000000,"SPEED_S":"1000000000","SPEED_HUMAN":"1.00 Gb","MAC_ADDRESS":"00:25:90:37:f9:7a","DESCRIPTION":"82576 Gigabit Network Connection - Intel Corporation"},{"SPEED":1000000000,"SPEED_S":"1000000000","SPEED_HUMAN":"1.00 Gb","MAC_ADDRESS":"00:25:90:37:f9:7b","DESCRIPTION":"82576 Gigabit Network Connection - Intel Corporation"},{"SPEED":1000000000,"SPEED_S":"1000000000","SPEED_HUMAN":"1.00 Gb","MAC_ADDRESS":"00:25:90:37:f9:7a","DESCRIPTION":"82576 Gigabit Network Connection - Intel Corporation"},{"SPEED":1000000000,"SPEED_S":"1000000000","SPEED_HUMAN":"1.00 Gb","MAC_ADDRESS":"00:25:90:37:f9:7b","DESCRIPTION":"82576 Gigabit Network Connection - Intel Corporation"}],"DISK":[{"SIZE":500107862016,"SIZE_S":"500107862016","SIZE_HUMAN":"465.76 GB","TYPE":"SCSI","DESCRIPTION":"Western Digital WDC WD5003ABYX-0"}]},"LLDP":{"INTERFACES":[{"NAME":"eth2","CHASSIS":{"NAME":"Unknown","ID_TYPE":"mac","ID_VALUE":"00:25:90:37:F9:7A","DESCRIPTION":"Unknown"},"PORT":{"ID_TYPE":"local","ID_VALUE":"666","DESCRIPTION":"ge-0/0/7.0"},"VLAN":{"ID":106,"NAME":"D2"}},{"NAME":"eth1","CHASSIS":{"NAME":"Unknown","ID_TYPE":"mac","ID_VALUE":"00:25:90:37:F9:7B","DESCRIPTION":"Unknown"},"PORT":{"ID_TYPE":"local","ID_VALUE":"666","DESCRIPTION":"ge-0/0/7.0"},"VLAN":{"ID":106,"NAME":"D2"}},{"NAME":"eth0","CHASSIS":{"NAME":"Unknown","ID_TYPE":"mac","ID_VALUE":"00:25:90:37:F9:7A","DESCRIPTION":"Unknown"},"PORT":{"ID_TYPE":"local","ID_VALUE":"666","DESCRIPTION":"ge-0/0/7.0"},"VLAN":{"ID":106,"NAME":"D2"}},{"NAME":"bond1","CHASSIS":{"NAME":"Unknown","ID_TYPE":"mac","ID_VALUE":"00:25:90:37:F9:7B","DESCRIPTION":"Unknown"},"PORT":{"ID_TYPE":"local","ID_VALUE":"666","DESCRIPTION":"ge-0/0/7.0"},"VLAN":{"ID":106,"NAME":"D2"}},{"NAME":"eth3","CHASSIS":{"NAME":"Unknown","ID_TYPE":"mac","ID_VALUE":"00:25:90:37:F9:7B","DESCRIPTION":"Unknown"},"PORT":{"ID_TYPE":"local","ID_VALUE":"666","DESCRIPTION":"ge-0/0/7.0"},"VLAN":{"ID":106,"NAME":"D2"}},{"NAME":"bond0","CHASSIS":{"NAME":"Unknown","ID_TYPE":"mac","ID_VALUE":"00:25:90:37:F9:7A","DESCRIPTION":"Unknown"},"PORT":{"ID_TYPE":"local","ID_VALUE":"666","DESCRIPTION":"ge-0/0/7.0"},"VLAN":{"ID":106,"NAME":"D2"}}]},"IPMI":{"ID":329,"ASSET_ID":157,"IPMI_ADDRESS":"10.80.96.242","IPMI_GATEWAY":"10.80.96.1","IPMI_NETMASK":"255.255.255.0","IPMI_USERNAME":"root","IPMI_PASSWORD":"abcdefghij"},"ADDRESSES":[{"ID":416,"ASSET_ID":157,"ADDRESS":"10.80.96.241","GATEWAY":"10.80.96.1","NETMASK":"255.255.248.0","POOL":""},{"ID":415,"ASSET_ID":157,"ADDRESS":"172.168.12.79","GATEWAY":"172.168.12.79","NETMASK":"255.255.255.224","POOL":""}],"POWER":[{"UNIT_ID":0,"UNITS":[{"KEY":"POWER_PORT_A","VALUE":"Unknown - SL 1","TYPE":"POWER_PORT","LABEL":"Plug Strip A","POSITION":0,"IS_REQUIRED":true,"UNIQUE":true}]},{"UNIT_ID":1,"UNITS":[{"KEY":"POWER_PORT_B","VALUE":"Unknown - SL 2","TYPE":"POWER_PORT","LABEL":"Plug Strip B","POSITION":0,"IS_REQUIRED":true,"UNIQUE":true}]}],"ATTRIBS":{"0":{"CHASSIS_TAG":"C81500A13L10616","HOSTNAME":"dev-blake-f3a7c22e.d2.tumblr.net","NODECLASS":"devnode","PRIMARY_ROLE":"DEVEL","POOL":"DEVEL","SYSTEM_USERNAME":"root","SYSTEM_PASSWORD":"abcdefgh","DATACENTER_NAME":"D2","SYSTEM_COST":"549","SL_ROOM":"sr03","SL_RACK":"rk367","SL_RACK_POSITION":"sl06","CONTACT":"blake","LAST_PUPPET_RUN":"2012-06-28T23:05:20","SUFFIX":"blake"}}},{"ASSET":{"ID":606,"TAG":"sl-75253","STATUS":"Decommissioned","TYPE":"Server Node","CREATED":"2012-02-09T20:42:38","UPDATED":"2012-03-02T10:31:00"},"HARDWARE":{"CPU":[{"CORES":1,"THREADS":1,"SPEED_GHZ":1.6,"DESCRIPTION":"Intel(R) Xeon(R) CPU           X5670  @ 2.93GHz Intel Corp."},{"CORES":1,"THREADS":1,"SPEED_GHZ":1.6,"DESCRIPTION":"Intel(R) Xeon(R) CPU           X5670  @ 2.93GHz Intel Corp."}],"MEMORY":[{"SIZE":4294967296,"SIZE_S":"4294967296","SIZE_HUMAN":"4.00 GB","BANK":0,"DESCRIPTION":"DIMM 1333 MHz (0.8 ns) - Hyundai HMT351R7BFR8C-H9"},{"SIZE":0,"SIZE_S":"0","SIZE_HUMAN":"0 Bytes","BANK":1,"DESCRIPTION":"Empty Memory Bank"},{"SIZE":4294967296,"SIZE_S":"4294967296","SIZE_HUMAN":"4.00 GB","BANK":2,"DESCRIPTION":"DIMM 1333 MHz (0.8 ns) - Hyundai HMT351R7BFR8C-H9"},{"SIZE":0,"SIZE_S":"0","SIZE_HUMAN":"0 Bytes","BANK":3,"DESCRIPTION":"Empty Memory Bank"},{"SIZE":4294967296,"SIZE_S":"4294967296","SIZE_HUMAN":"4.00 GB","BANK":4,"DESCRIPTION":"DIMM 1333 MHz (0.8 ns) - Hyundai HMT351R7BFR8C-H9"},{"SIZE":0,"SIZE_S":"0","SIZE_HUMAN":"0 Bytes","BANK":5,"DESCRIPTION":"Empty Memory Bank"},{"SIZE":4294967296,"SIZE_S":"4294967296","SIZE_HUMAN":"4.00 GB","BANK":6,"DESCRIPTION":"DIMM 1333 MHz (0.8 ns) - Hyundai HMT351R7BFR8C-H9"},{"SIZE":0,"SIZE_S":"0","SIZE_HUMAN":"0 Bytes","BANK":7,"DESCRIPTION":"Empty Memory Bank"},{"SIZE":4294967296,"SIZE_S":"4294967296","SIZE_HUMAN":"4.00 GB","BANK":8,"DESCRIPTION":"DIMM 1333 MHz (0.8 ns) - Hyundai HMT351R7BFR8C-H9"},{"SIZE":0,"SIZE_S":"0","SIZE_HUMAN":"0 Bytes","BANK":9,"DESCRIPTION":"Empty Memory Bank"},{"SIZE":4294967296,"SIZE_S":"4294967296","SIZE_HUMAN":"4.00 GB","BANK":10,"DESCRIPTION":"DIMM 1333 MHz (0.8 ns) - Hyundai HMT351R7BFR8C-H9"},{"SIZE":0,"SIZE_S":"0","SIZE_HUMAN":"0 Bytes","BANK":11,"DESCRIPTION":"Empty Memory Bank"}],"NIC":[{"SPEED":1000000000,"SPEED_S":"1000000000","SPEED_HUMAN":"1.00 Gb","MAC_ADDRESS":"00:25:90:34:0f:da","DESCRIPTION":"82576 Gigabit Network Connection - Intel Corporation"},{"SPEED":1000000000,"SPEED_S":"1000000000","SPEED_HUMAN":"1.00 Gb","MAC_ADDRESS":"00:25:90:34:0f:db","DESCRIPTION":"82576 Gigabit Network Connection - Intel Corporation"},{"SPEED":1000000000,"SPEED_S":"1000000000","SPEED_HUMAN":"1.00 Gb","MAC_ADDRESS":"00:25:90:34:0f:da","DESCRIPTION":"82576 Gigabit Network Connection - Intel Corporation"},{"SPEED":1000000000,"SPEED_S":"1000000000","SPEED_HUMAN":"1.00 Gb","MAC_ADDRESS":"00:25:90:34:0f:db","DESCRIPTION":"82576 Gigabit Network Connection - Intel Corporation"}],"DISK":[{"SIZE":499279462400,"SIZE_S":"499279462400","SIZE_HUMAN":"464.99 GB","TYPE":"SCSI","DESCRIPTION":"Adaptec RAID1-A"},{"SIZE":0,"SIZE_S":"0","SIZE_HUMAN":"0 Bytes","TYPE":"SCSI","DESCRIPTION":"WDC WD5003ABYX-0"},{"SIZE":0,"SIZE_S":"0","SIZE_HUMAN":"0 Bytes","TYPE":"SCSI","DESCRIPTION":"WDC WD5003ABYX-0"}]},"LLDP":{"INTERFACES":[{"NAME":"bond1:2","CHASSIS":{"NAME":"Unknown","ID_TYPE":"mac","ID_VALUE":"00:25:90:34:0F:DB","DESCRIPTION":"Unknown"},"PORT":{"ID_TYPE":"local","ID_VALUE":"666","DESCRIPTION":"ge-0/0/7.0"},"VLAN":{"ID":106,"NAME":"D2"}},{"NAME":"eth2","CHASSIS":{"NAME":"Unknown","ID_TYPE":"mac","ID_VALUE":"00:25:90:34:0F:DA","DESCRIPTION":"Unknown"},"PORT":{"ID_TYPE":"local","ID_VALUE":"666","DESCRIPTION":"ge-0/0/7.0"},"VLAN":{"ID":106,"NAME":"D2"}},{"NAME":"bond1:1","CHASSIS":{"NAME":"Unknown","ID_TYPE":"mac","ID_VALUE":"00:25:90:34:0F:DB","DESCRIPTION":"Unknown"},"PORT":{"ID_TYPE":"local","ID_VALUE":"666","DESCRIPTION":"ge-0/0/7.0"},"VLAN":{"ID":106,"NAME":"D2"}},{"NAME":"eth1","CHASSIS":{"NAME":"Unknown","ID_TYPE":"mac","ID_VALUE":"00:25:90:34:0F:DB","DESCRIPTION":"Unknown"},"PORT":{"ID_TYPE":"local","ID_VALUE":"666","DESCRIPTION":"ge-0/0/7.0"},"VLAN":{"ID":106,"NAME":"D2"}},{"NAME":"bond1:0","CHASSIS":{"NAME":"Unknown","ID_TYPE":"mac","ID_VALUE":"00:25:90:34:0F:DB","DESCRIPTION":"Unknown"},"PORT":{"ID_TYPE":"local","ID_VALUE":"666","DESCRIPTION":"ge-0/0/7.0"},"VLAN":{"ID":106,"NAME":"D2"}},{"NAME":"eth3","CHASSIS":{"NAME":"Unknown","ID_TYPE":"mac","ID_VALUE":"00:25:90:34:0F:DB","DESCRIPTION":"Unknown"},"PORT":{"ID_TYPE":"local","ID_VALUE":"666","DESCRIPTION":"ge-0/0/7.0"},"VLAN":{"ID":106,"NAME":"D2"}},{"NAME":"eth0","CHASSIS":{"NAME":"Unknown","ID_TYPE":"mac","ID_VALUE":"00:25:90:34:0F:DA","DESCRIPTION":"Unknown"},"PORT":{"ID_TYPE":"local","ID_VALUE":"666","DESCRIPTION":"ge-0/0/7.0"},"VLAN":{"ID":106,"NAME":"D2"}},{"NAME":"bond1","CHASSIS":{"NAME":"Unknown","ID_TYPE":"mac","ID_VALUE":"00:25:90:34:0F:DB","DESCRIPTION":"Unknown"},"PORT":{"ID_TYPE":"local","ID_VALUE":"666","DESCRIPTION":"ge-0/0/7.0"},"VLAN":{"ID":106,"NAME":"D2"}},{"NAME":"bond1:3","CHASSIS":{"NAME":"Unknown","ID_TYPE":"mac","ID_VALUE":"00:25:90:34:0F:DB","DESCRIPTION":"Unknown"},"PORT":{"ID_TYPE":"local","ID_VALUE":"666","DESCRIPTION":"ge-0/0/7.0"},"VLAN":{"ID":106,"NAME":"D2"}},{"NAME":"bond0","CHASSIS":{"NAME":"Unknown","ID_TYPE":"mac","ID_VALUE":"00:25:90:34:0F:DA","DESCRIPTION":"Unknown"},"PORT":{"ID_TYPE":"local","ID_VALUE":"666","DESCRIPTION":"ge-0/0/7.0"},"VLAN":{"ID":106,"NAME":"D2"}}]},"IPMI":{},"ADDRESSES":[],"POWER":[{"UNIT_ID":0,"UNITS":[{"KEY":"POWER_PORT_A","VALUE":"Unknown - SL 1","TYPE":"POWER_PORT","LABEL":"Plug Strip A","POSITION":0,"IS_REQUIRED":true,"UNIQUE":true}]},{"UNIT_ID":1,"UNITS":[{"KEY":"POWER_PORT_B","VALUE":"Unknown SL 2","TYPE":"POWER_PORT","LABEL":"Plug Strip B","POSITION":0,"IS_REQUIRED":true,"UNIQUE":true}]}],"ATTRIBS":{"0":{"CHASSIS_TAG":"C81500049KB0087","HOSTNAME":"dev-blaketest-2c111639.d2.tumblr.net","NODECLASS":"devnode","CANCEL_TICKET":"4565706","SYSTEM_USERNAME":"root","SYSTEM_PASSWORD":"abcdefgh","DATACENTER_NAME":"D2","SYSTEM_COST":"549","POWER_STATUS":"reclaimed"}}}]}}
