{"status":"success:ok","data":{"ASSET":{"ID":2,"TAG":"tumblrtag310","STATE":{"ID":2,"STATUS":null,"NAME":"STARTING","LABEL":"Starting","DESCRIPTION":"A service in this state is transitioning to Running."},"STATUS":"Unallocated","TYPE":"Server Node","CREATED":"2012-09-11T19:37:23","UPDATED":"2012-09-11T19:37:26","DELETED":null},"HARDWARE":{"CPU":[{"CORES":1,"THREADS":1,"SPEED_GHZ":1.6,"DESCRIPTION":"Intel(R) Xeon(R) CPU           X5675  @ 3.07GHz Intel Corp.","PRODUCT":"","VENDOR":""},{"CORES":1,"THREADS":1,"SPEED_GHZ":1.6,"DESCRIPTION":"Intel(R) Xeon(R) CPU           X5675  @ 3.07GHz Intel Corp.","PRODUCT":"","VENDOR":""},{"CORES":1,"THREADS":1,"SPEED_GHZ":1.6,"DESCRIPTION":"Intel(R) Xeon(R) CPU           X5675  @ 3.07GHz Intel Corp.","PRODUCT":"","VENDOR":""},{"CORES":1,"THREADS":1,"SPEED_GHZ":1.6,"DESCRIPTION":"Intel(R) Xeon(R) CPU           X5675  @ 3.07GHz Intel Corp.","PRODUCT":"","VENDOR":""},{"CORES":1,"THREADS":1,"SPEED_GHZ":1.6,"DESCRIPTION":"Intel(R) Xeon(R) CPU           X5675  @ 3.07GHz Intel Corp.","PRODUCT":"","VENDOR":""},{"CORES":1,"THREADS":1,"SPEED_GHZ":1.6,"DESCRIPTION":"Intel(R) Xeon(R) CPU           X5675  @ 3.07GHz Intel Corp.","PRODUCT":"","VENDOR":""},{"CORES":1,"THREADS":1,"SPEED_GHZ":1.6,"DESCRIPTION":"Intel(R) Xeon(R) CPU           X5675  @ 3.07GHz Intel Corp.","PRODUCT":"","VENDOR":""},{"CORES":1,"THREADS":1,"SPEED_GHZ":1.6,"DESCRIPTION":"Intel(R) Xeon(R) CPU           X5675  @ 3.07GHz Intel Corp.","PRODUCT":"","VENDOR":""},{"CORES":1,"THREADS":1,"SPEED_GHZ":1.6,"DESCRIPTION":"Intel(R) Xeon(R) CPU           X5675  @ 3.07GHz Intel Corp.","PRODUCT":"","VENDOR":""},{"CORES":1,"THREADS":1,"SPEED_GHZ":1.6,"DESCRIPTION":"Intel(R) Xeon(R) CPU           X5675  @ 3.07GHz Intel Corp.","PRODUCT":"","VENDOR":""},{"CORES":1,"THREADS":1,"SPEED_GHZ":1.6,"DESCRIPTION":"Intel(R) Xeon(R) CPU           X5675  @ 3.07GHz Intel Corp.","PRODUCT":"","VENDOR":""}],"MEMORY":[{"SIZE":4294967296,"SIZE_S":"4294967296","SIZE_HUMAN":"4.00 GB","BANK":0,"DESCRIPTION":"DIMM 800 MHz (1.2 ns) - Hyundai HMT351R7BFR8C-H9","PRODUCT":"","VENDOR":""},{"SIZE":4294967296,"SIZE_S":"4294967296","SIZE_HUMAN":"4.00 GB","BANK":1,"DESCRIPTION":"DIMM 800 MHz (1.2 ns) - Hyundai HMT351R7BFR8C-H9","PRODUCT":"","VENDOR":""},{"SIZE":4294967296,"SIZE_S":"4294967296","SIZE_HUMAN":"4.00 GB","BANK":2,"DESCRIPTION":"DIMM 800 MHz (1.2 ns) - Hyundai HMT351R7BFR8C-H9","PRODUCT":"","VENDOR":""},{"SIZE":4294967296,"SIZE_S":"4294967296","SIZE_HUMAN":"4.00 GB","BANK":3,"DESCRIPTION":"DIMM 800 MHz (1.2 ns) - Hyundai HMT351R7BFR8C-H9","PRODUCT":"","VENDOR":""},{"SIZE":4294967296,"SIZE_S":"4294967296","SIZE_HUMAN":"4.00 GB","BANK":4,"DESCRIPTION":"DIMM 800 MHz (1.2 ns) - Hyundai HMT351R7BFR8C-H9","PRODUCT":"","VENDOR":""},{"SIZE":4294967296,"SIZE_S":"4294967296","SIZE_HUMAN":"4.00 GB","BANK":5,"DESCRIPTION":"DIMM 800 MHz (1.2 ns) - Hyundai HMT351R7BFR8C-H9","PRODUCT":"","VENDOR":""},{"SIZE":4294967296,"SIZE_S":"4294967296","SIZE_HUMAN":"4.00 GB","BANK":6,"DESCRIPTION":"DIMM 800 MHz (1.2 ns) - Hyundai HMT351R7BFR8C-H9","PRODUCT":"","VENDOR":""},{"SIZE":4294967296,"SIZE_S":"4294967296","SIZE_HUMAN":"4.00 GB","BANK":7,"DESCRIPTION":"DIMM 800 MHz (1.2 ns) - Hyundai HMT351R7BFR8C-H9","PRODUCT":"","VENDOR":""},{"SIZE":4294967296,"SIZE_S":"4294967296","SIZE_HUMAN":"4.00 GB","BANK":8,"DESCRIPTION":"DIMM 800 MHz (1.2 ns) - Hyundai HMT351R7BFR8C-H9","PRODUCT":"","VENDOR":""},{"SIZE":4294967296,"SIZE_S":"4294967296","SIZE_HUMAN":"4.00 GB","BANK":9,"DESCRIPTION":"DIMM 800 MHz (1.2 ns) - Hyundai HMT351R7BFR8C-H9","PRODUCT":"","VENDOR":""},{"SIZE":4294967296,"SIZE_S":"4294967296","SIZE_HUMAN":"4.00 GB","BANK":10,"DESCRIPTION":"DIMM 800 MHz (1.2 ns) - Hyundai HMT351R7BFR8C-H9","PRODUCT":"","VENDOR":""},{"SIZE":4294967296,"SIZE_S":"4294967296","SIZE_HUMAN":"4.00 GB","BANK":11,"DESCRIPTION":"DIMM 800 MHz (1.2 ns) - Hyundai HMT351R7BFR8C-H9","PRODUCT":"","VENDOR":""},{"SIZE":4294967296,"SIZE_S":"4294967296","SIZE_HUMAN":"4.00 GB","BANK":12,"DESCRIPTION":"DIMM 800 MHz (1.2 ns) - Hyundai HMT351R7BFR8C-H9","PRODUCT":"","VENDOR":""},{"SIZE":4294967296,"SIZE_S":"4294967296","SIZE_HUMAN":"4.00 GB","BANK":13,"DESCRIPTION":"DIMM 800 MHz (1.2 ns) - Hyundai HMT351R7BFR8C-H9","PRODUCT":"","VENDOR":""},{"SIZE":4294967296,"SIZE_S":"4294967296","SIZE_HUMAN":"4.00 GB","BANK":14,"DESCRIPTION":"DIMM 800 MHz (1.2 ns) - Hyundai HMT351R7BFR8C-H9","PRODUCT":"","VENDOR":""},{"SIZE":4294967296,"SIZE_S":"4294967296","SIZE_HUMAN":"4.00 GB","BANK":15,"DESCRIPTION":"DIMM 800 MHz (1.2 ns) - Hyundai HMT351R7BFR8C-H9","PRODUCT":"","VENDOR":""},{"SIZE":4294967296,"SIZE_S":"4294967296","SIZE_HUMAN":"4.00 GB","BANK":16,"DESCRIPTION":"DIMM 800 MHz (1.2 ns) - Hyundai HMT351R7BFR8C-H9","PRODUCT":"","VENDOR":""},{"SIZE":4294967296,"SIZE_S":"4294967296","SIZE_HUMAN":"4.00 GB","BANK":17,"DESCRIPTION":"DIMM 800 MHz (1.2 ns) - Hyundai HMT351R7BFR8C-H9","PRODUCT":"","VENDOR":""}],"NIC":[{"SPEED":1000000000,"SPEED_S":"1000000000","SPEED_HUMAN":"1.00 Gb","MAC_ADDRESS":"00:25:90:2b:19:b4","DESCRIPTION":"82576 Gigabit Network Connection - Intel Corporation","PRODUCT":"","VENDOR":""},{"SPEED":1000000000,"SPEED_S":"1000000000","SPEED_HUMAN":"1.00 Gb","MAC_ADDRESS":"00:25:90:2b:19:b5","DESCRIPTION":"82576 Gigabit Network Connection - Intel Corporation","PRODUCT":"","VENDOR":""},{"SPEED":1000000000,"SPEED_S":"1000000000","SPEED_HUMAN":"1.00 Gb","MAC_ADDRESS":"00:25:90:2b:19:b4","DESCRIPTION":"82575EB Gigabit Network Connection - Intel Corporation","PRODUCT":"","VENDOR":""},{"SPEED":1000000000,"SPEED_S":"1000000000","SPEED_HUMAN":"1.00 Gb","MAC_ADDRESS":"00:25:90:2b:19:b5","DESCRIPTION":"82575EB Gigabit Network Connection - Intel Corporation","PRODUCT":"","VENDOR":""}],"DISK":[{"SIZE":999643152384,"SIZE_S":"999643152384","SIZE_HUMAN":"930.99 GB","TYPE":"SCSI","DESCRIPTION":"Adaptec RAID1-A","PRODUCT":"","VENDOR":""},{"SIZE":0,"SIZE_S":"0","SIZE_HUMAN":"0 Bytes","TYPE":"SCSI","DESCRIPTION":"WDC WD1003FBYX-0","PRODUCT":"","VENDOR":""},{"SIZE":0,"SIZE_S":"0","SIZE_HUMAN":"0 Bytes","TYPE":"SCSI","DESCRIPTION":"WDC WD1003FBYX-0","PRODUCT":"","VENDOR":""}]},"LLDP":{"INTERFACES":[{"NAME":"eth0","CHASSIS":{"NAME":"core01.dfw01","ID":{"TYPE":"mac","VALUE":"78:19:f7:88:60:c0"},"DESCRIPTION":"Juniper Networks, Inc. ex4500-40f , version 11.1S1 Build date: 2011-04-21 08:03:12 UTC "},"PORT":{"ID":{"TYPE":"local","VALUE":"608"},"DESCRIPTION":"ge-0/0/3.0"},"VLANS":[{"ID":106,"NAME":"DFW-LOGGING"}]},{"NAME":"eth1","CHASSIS":{"NAME":"core02.dfw01","ID":{"TYPE":"mac","VALUE":"5c:5e:ab:68:a5:80"},"DESCRIPTION":"Juniper Networks, Inc. ex4500-40f , version 11.1R1.10 Build date: 2011-03-16 08:17:03 UTC "},"PORT":{"ID":{"TYPE":"local","VALUE":"608"},"DESCRIPTION":"ge-0/0/3.0"},"VLANS":[{"ID":106,"NAME":"DFW-LOGGING"}]}]},"IPMI":{"ASSET_ID":2,"ASSET_TAG":"tumblrtag310","IPMI_USERNAME":"root","IPMI_PASSWORD":"qdBUT7UvY3PPXxkP","IPMI_GATEWAY":"172.16.32.1","IPMI_ADDRESS":"172.16.32.20","IPMI_NETMASK":"255.255.240.0","ID":2},"ADDRESSES":[],"POWER":[{"UNIT_ID":0,"UNITS":[{"KEY":"POWER_PORT_A","VALUE":"portA","TYPE":"POWER_PORT","LABEL":"Plug Strip A","POSITION":0,"IS_REQUIRED":true,"UNIQUE":true},{"KEY":"POWER_OUTLET_A","VALUE":"outletA","TYPE":"POWER_OUTLET","LABEL":"Outlet A","POSITION":1,"IS_REQUIRED":true,"UNIQUE":false}]},{"UNIT_ID":1,"UNITS":[{"KEY":"POWER_PORT_B","VALUE":"portB","TYPE":"POWER_PORT","LABEL":"Plug Strip B","POSITION":0,"IS_REQUIRED":true,"UNIQUE":true},{"KEY":"POWER_OUTLET_B","VALUE":"outletB","TYPE":"POWER_OUTLET","LABEL":"Outlet B","POSITION":1,"IS_REQUIRED":true,"UNIQUE":false}]}],"ATTRIBS":{"0":{"DISK_STORAGE_TOTAL":"999643152384","CHASSIS_TAG":"Testing this","RACK_POSITION":"pos1"}}}}