{"status":"successful -> ok","data":{"ASSET":{"ID":1455,"TAG":"sl-129278","STATUS":"Allocated","TYPE":"Server Node","CREATED":"2012-03-01T16:02:44","UPDATED":"2012-06-07T14:25:25"},"HARDWARE":{"CPU":[{"CORES":1,"THREADS":1,"SPEED_GHZ":2.0,"DESCRIPTION":"Intel(R) Xeon(R) CPU E5-2620 0 @ 2.00GHz Intel Corp."},{"CORES":1,"THREADS":1,"SPEED_GHZ":2.0,"DESCRIPTION":"Intel(R) Xeon(R) CPU E5-2620 0 @ 2.00GHz Intel Corp."},{"CORES":1,"THREADS":1,"SPEED_GHZ":2.0,"DESCRIPTION":"Intel(R) Xeon(R) CPU E5-2620 0 @ 2.00GHz Intel Corp."},{"CORES":1,"THREADS":1,"SPEED_GHZ":2.0,"DESCRIPTION":"Intel(R) Xeon(R) CPU E5-2620 0 @ 2.00GHz Intel Corp."},{"CORES":1,"THREADS":1,"SPEED_GHZ":2.0,"DESCRIPTION":"Intel(R) Xeon(R) CPU E5-2620 0 @ 2.00GHz Intel Corp."},{"CORES":1,"THREADS":1,"SPEED_GHZ":2.0,"DESCRIPTION":"Intel(R) Xeon(R) CPU E5-2620 0 @ 2.00GHz Intel Corp."},{"CORES":1,"THREADS":1,"SPEED_GHZ":2.0,"DESCRIPTION":"Intel(R) Xeon(R) CPU E5-2620 0 @ 2.00GHz Intel Corp."},{"CORES":1,"THREADS":1,"SPEED_GHZ":2.0,"DESCRIPTION":"Intel(R) Xeon(R) CPU E5-2620 0 @ 2.00GHz Intel Corp."},{"CORES":1,"THREADS":1,"SPEED_GHZ":2.0,"DESCRIPTION":"Intel(R) Xeon(R) CPU E5-2620 0 @ 2.00GHz Intel Corp."},{"CORES":1,"THREADS":1,"SPEED_GHZ":2.0,"DESCRIPTION":"Intel(R) Xeon(R) CPU E5-2620 0 @ 2.00GHz Intel Corp."},{"CORES":1,"THREADS":1,"SPEED_GHZ":2.0,"DESCRIPTION":"Intel(R) Xeon(R) CPU E5-2620 0 @ 2.00GHz Intel Corp."}],"MEMORY":[{"SIZE":4294967296,"SIZE_S":"4294967296","SIZE_HUMAN":"4.00 GB","BANK":0,"DESCRIPTION":"DIMM 1333 MHz (0.8 ns) - Samsung M393B5273DH0-"},{"SIZE":0,"SIZE_S":"0","SIZE_HUMAN":"0 Bytes","BANK":1,"DESCRIPTION":"Empty Memory Bank"},{"SIZE":0,"SIZE_S":"0","SIZE_HUMAN":"0 Bytes","BANK":2,"DESCRIPTION":"Empty Memory Bank"},{"SIZE":4294967296,"SIZE_S":"4294967296","SIZE_HUMAN":"4.00 GB","BANK":3,"DESCRIPTION":"DIMM 1333 MHz (0.8 ns) - Samsung M393B5273DH0-"},{"SIZE":0,"SIZE_S":"0","SIZE_HUMAN":"0 Bytes","BANK":4,"DESCRIPTION":"Empty Memory Bank"},{"SIZE":0,"SIZE_S":"0","SIZE_HUMAN":"0 Bytes","BANK":5,"DESCRIPTION":"Empty Memory Bank"},{"SIZE":4294967296,"SIZE_S":"4294967296","SIZE_HUMAN":"4.00 GB","BANK":6,"DESCRIPTION":"DIMM 1333 MHz (0.8 ns) - Samsung M393B5273DH0-"},{"SIZE":0,"SIZE_S":"0","SIZE_HUMAN":"0 Bytes","BANK":7,"DESCRIPTION":"Empty Memory Bank"},{"SIZE":0,"SIZE_S":"0","SIZE_HUMAN":"0 Bytes","BANK":8,"DESCRIPTION":"Empty Memory Bank"},{"SIZE":4294967296,"SIZE_S":"4294967296","SIZE_HUMAN":"4.00 GB","BANK":9,"DESCRIPTION":"DIMM 1333 MHz (0.8 ns) - Samsung M393B5273DH0-"},{"SIZE":0,"SIZE_S":"0","SIZE_HUMAN":"0 Bytes","BANK":10,"DESCRIPTION":"Empty Memory Bank"},{"SIZE":0,"SIZE_S":"0","SIZE_HUMAN":"0 Bytes","BANK":11,"DESCRIPTION":"Empty Memory Bank"},{"SIZE":4294967296,"SIZE_S":"4294967296","SIZE_HUMAN":"4.00 GB","BANK":12,"DESCRIPTION":"DIMM 1333 MHz (0.8 ns) - Samsung M393B5273DH0-"},{"SIZE":0,"SIZE_S":"0","SIZE_HUMAN":"0 Bytes","BANK":13,"DESCRIPTION":"Empty Memory Bank"},{"SIZE":0,"SIZE_S":"0","SIZE_HUMAN":"0 Bytes","BANK":14,"DESCRIPTION":"Empty Memory Bank"},{"SIZE":4294967296,"SIZE_S":"4294967296","SIZE_HUMAN":"4.00 GB","BANK":15,"DESCRIPTION":"DIMM 1333 MHz (0.8 ns) - Samsung M393B5273DH0-"},{"SIZE":0,"SIZE_S":"0","SIZE_HUMAN":"0 Bytes","BANK":16,"DESCRIPTION":"Empty Memory Bank"},{"SIZE":0,"SIZE_S":"0","SIZE_HUMAN":"0 Bytes","BANK":17,"DESCRIPTION":"Empty Memory Bank"},{"SIZE":4294967296,"SIZE_S":"4294967296","SIZE_HUMAN":"4.00 GB","BANK":18,"DESCRIPTION":"DIMM 1333 MHz (0.8 ns) - Samsung M393B5273DH0-"},{"SIZE":0,"SIZE_S":"0","SIZE_HUMAN":"0 Bytes","BANK":19,"DESCRIPTION":"Empty Memory Bank"},{"SIZE":0,"SIZE_S":"0","SIZE_HUMAN":"0 Bytes","BANK":20,"DESCRIPTION":"Empty Memory Bank"},{"SIZE":4294967296,"SIZE_S":"4294967296","SIZE_HUMAN":"4.00 GB","BANK":21,"DESCRIPTION":"DIMM 1333 MHz (0.8 ns) - Samsung M393B5273DH0-"},{"SIZE":0,"SIZE_S":"0","SIZE_HUMAN":"0 Bytes","BANK":22,"DESCRIPTION":"Empty Memory Bank"},{"SIZE":0,"SIZE_S":"0","SIZE_HUMAN":"0 Bytes","BANK":23,"DESCRIPTION":"Empty Memory Bank"}],"NIC":[{"SPEED":1000000000,"SPEED_S":"1000000000","SPEED_HUMAN":"1.00 Gb","MAC_ADDRESS":"00:25:90:2d:97:54","DESCRIPTION":"I350 Gigabit Network Connection - Intel Corporation"},{"SPEED":1000000000,"SPEED_S":"1000000000","SPEED_HUMAN":"1.00 Gb","MAC_ADDRESS":"00:25:90:2d:97:55","DESCRIPTION":"I350 Gigabit Network Connection - Intel Corporation"},{"SPEED":1000000000,"SPEED_S":"1000000000","SPEED_HUMAN":"1.00 Gb","MAC_ADDRESS":"00:25:90:2d:97:54","DESCRIPTION":"I350 Gigabit Network Connection - Intel Corporation"},{"SPEED":1000000000,"SPEED_S":"1000000000","SPEED_HUMAN":"1.00 Gb","MAC_ADDRESS":"00:25:90:2d:97:55","DESCRIPTION":"I350 Gigabit Network Connection - Intel Corporation"}],"DISK":[{"SIZE":500107862016,"SIZE_S":"500107862016","SIZE_HUMAN":"465.76 GB","TYPE":"SCSI","DESCRIPTION":"Western Digital WDC WD5003ABYX-0"},{"SIZE":0,"SIZE_S":"0","SIZE_HUMAN":"0 Bytes","TYPE":"CD-ROM","DESCRIPTION":"TEAC DV-28S-W"}]},"LLDP":{"INTERFACES":[{"NAME":"eth2","CHASSIS":{"NAME":"Unknown","ID_TYPE":"mac","ID_VALUE":"00:25:90:2D:97:54","DESCRIPTION":"Unknown"},"PORT":{"ID_TYPE":"local","ID_VALUE":"666","DESCRIPTION":"ge-0/0/7.0"},"VLAN":{"ID":106,"NAME":"D2"}},{"NAME":"eth1","CHASSIS":{"NAME":"Unknown","ID_TYPE":"mac","ID_VALUE":"00:25:90:2D:97:55","DESCRIPTION":"Unknown"},"PORT":{"ID_TYPE":"local","ID_VALUE":"666","DESCRIPTION":"ge-0/0/7.0"},"VLAN":{"ID":106,"NAME":"D2"}},{"NAME":"eth0","CHASSIS":{"NAME":"Unknown","ID_TYPE":"mac","ID_VALUE":"00:25:90:2D:97:54","DESCRIPTION":"Unknown"},"PORT":{"ID_TYPE":"local","ID_VALUE":"666","DESCRIPTION":"ge-0/0/7.0"},"VLAN":{"ID":106,"NAME":"D2"}},{"NAME":"bond1","CHASSIS":{"NAME":"Unknown","ID_TYPE":"mac","ID_VALUE":"00:25:90:2D:97:55","DESCRIPTION":"Unknown"},"PORT":{"ID_TYPE":"local","ID_VALUE":"666","DESCRIPTION":"ge-0/0/7.0"},"VLAN":{"ID":106,"NAME":"D2"}},{"NAME":"eth3","CHASSIS":{"NAME":"Unknown","ID_TYPE":"mac","ID_VALUE":"00:25:90:2D:97:55","DESCRIPTION":"Unknown"},"PORT":{"ID_TYPE":"local","ID_VALUE":"666","DESCRIPTION":"ge-0/0/7.0"},"VLAN":{"ID":106,"NAME":"D2"}},{"NAME":"bond0","CHASSIS":{"NAME":"Unknown","ID_TYPE":"mac","ID_VALUE":"00:25:90:2D:97:54","DESCRIPTION":"Unknown"},"PORT":{"ID_TYPE":"local","ID_VALUE":"666","DESCRIPTION":"ge-0/0/7.0"},"VLAN":{"ID":106,"NAME":"D2"}}]},"IPMI":{"ID":1436,"ASSET_ID":1455,"IPMI_ADDRESS":"10.80.97.234","IPMI_GATEWAY":"10.80.97.1","IPMI_NETMASK":"255.255.255.0","IPMI_USERNAME":"root","IPMI_PASSWORD":"fizzbuzz12"},"ADDRESSES":[{"ID":394,"ASSET_ID":1455,"ADDRESS":"10.80.97.233","GATEWAY":"10.80.96.1","NETMASK":"255.255.248.0","POOL":""},{"ID":395,"ASSET_ID":1455,"ADDRESS":"4.4.4.4","GATEWAY":"4.4.4.1","NETMASK":"255.255.255.0","POOL":""}],"POWER":[{"UNIT_ID":0,"UNITS":[{"KEY":"POWER_PORT_A","VALUE":"Unknown SL 1","TYPE":"POWER_PORT","LABEL":"Plug Strip A","POSITION":0,"IS_REQUIRED":true,"UNIQUE":true}]},{"UNIT_ID":1,"UNITS":[{"KEY":"POWER_PORT_B","VALUE":"Unknown SL 2","TYPE":"POWER_PORT","LABEL":"Plug Strip B","POSITION":0,"IS_REQUIRED":true,"UNIQUE":true}]}],"ATTRIBS":{"0":{"CHASSIS_TAG":"C81500A23L10715","HOSTNAME":"adminweb-83503b68.d2.tumblr.net","NODECLASS":"adminwebnode","PRIMARY_ROLE":"TUMBLR_APP","POOL":"ADMIN_POOL","SYSTEM_USERNAME":"root","SYSTEM_PASSWORD":"fizzbar1","DATACENTER_NAME":"D2","SYSTEM_COST":"549","SECONDARY_ROLE":"ALL","TUMBLR_SHA":"6dcd7f45c9b954c86067a14b54eefaed18743b46","CONFIG_SHA":"1a927251df96612f112f0790b6015c748651c563","SL_ROOM":"sr03","SL_RACK":"rk305","SL_RACK_POSITION":"sl04","CONTACT":"crushing","CREDENTIALS_SHA":"8c887fb3e6cdc3ac86fa7866aa54c0b8061d5316","LAST_PUPPET_RUN":"2012-06-07T12:39:07"}}}}
