{"status":"success:ok","data":{"ASSET":{"ID":1,"TAG":"tumblrtag1","STATE":null,"STATUS":"Incomplete","TYPE":"Server Node","CREATED":"2012-09-11T19:37:03","UPDATED":null,"DELETED":null},"HARDWARE":{"CPU":[],"MEMORY":[],"NIC":[],"DISK":[]},"LLDP":{"INTERFACES":[]},"IPMI":{"ASSET_ID":1,"ASSET_TAG":"tumblrtag1","IPMI_USERNAME":"test-user","IPMI_PASSWORD":"","IPMI_GATEWAY":"10.0.0.1","IPMI_ADDRESS":"10.0.0.2","IPMI_NETMASK":"255.255.224.0","ID":1},"ADDRESSES":[],"POWER":[],"ATTRIBS":{"0":{"SERVICE_TAG":"dell service tag 123","CHASSIS_TAG":"chassis tag abc"}}}}